Character,Frequency
0,331.000000
1,245.000000
