Character,Frequency
e,3.000000
r,1.000000
a,2.000000
c,1.000000
l,3.000000
t,2.000000
i,2.000000
g,2.000000
o,2.000000
" ",4.000000
x,1.000000
d,1.000000
h,2.000000
f,2.000000
m,1.000000
",",1.000000
