Character,Frequency
0,111.000000
1,97.000000
