Character,Frequency
n,2.000000
s,1.000000
Y,1.000000
m,1.000000
б,1.000000
" ",2.000000
л,1.000000
Я,1.000000
k,1.000000
c,1.000000
Д,1.000000
м,1.000000
b,1.000000
D,1.000000
Л,1.000000
е,1.000000
i,4.000000
u,1.000000
н,2.000000
и,4.000000
ч,1.000000
l,1.000000
L,1.000000
о,3.000000
х,1.000000
v,1.000000
a,2.000000
t,1.000000
e,1.000000
у,1.000000
в,1.000000
h,2.000000
o,3.000000
ц,1.000000
а,1.000000
